{"10": {"16": {"10": {"0.004": [34.65176010131836, 40.00733947753906, 46.98009490966797, 49.5056266784668, 46.348060607910156], "0.04": [40.987510681152344, 46.45331573486328, 52.67559051513672, 27.555585861206055, 44.319053649902344], "1": [40.353759765625, 45.88364028930664, 46.424434661865234, 47.69092559814453, 46.43293762207031], "4": [42.16091537475586, 41.63722229003906, 46.466712951660156, 42.7899055480957, 40.85922622680664]}, "40": {"0.004": [40.87470245361328, 18.42926025390625, 44.018951416015625, 22.64772605895996, 46.5195426940918], "0.04": [20.18556022644043, 37.4633903503418, 49.75790023803711, 48.50714111328125, 45.30131530761719], "1": [21.865692138671875, 15.904624938964844, 30.222349166870117, 43.13815689086914, 47.772727966308594], "4": [28.971166610717773, 41.517425537109375, 48.19105911254883, 45.127342224121094, 36.636600494384766]}, "160": {"0.004": [12.253988265991211, 10.105278015136719, 34.3050537109375, 13.109996795654297, 39.2990837097168], "0.04": [46.796714782714844, 41.611515045166016, 15.831853866577148, 13.111949920654297, 28.701223373413086], "1": [13.258526802062988, 13.01587963104248, 15.586050987243652, 47.04442596435547, 44.32522201538086], "4": [34.85053253173828, 12.986200332641602, 45.78104019165039, 46.9005126953125, 39.66191101074219]}, "480": {"0.004": [14.427335739135742, 9.842735290527344, 15.050213813781738, 12.451518058776855, 42.04081726074219], "0.04": [32.56882858276367, 13.849411964416504, 15.20848274230957, 12.794364929199219, 25.919870376586914], "1": [25.133005142211914, 9.764375686645508, 15.163564682006836, 12.659952163696289, 42.648685455322266], "4": [12.921100616455078, 12.239831924438477, 15.05109691619873, 12.39787769317627, 43.36016845703125]}}}, "50": {"16": {"10": {"0.004": [42.23285675048828, 40.95221710205078, 44.86989212036133, 29.71725082397461, 47.08232498168945], "0.04": [35.75479507446289, 25.831199645996094, 37.4563102722168, 37.388343811035156, 43.73298263549805], "1": [31.997285842895508, 42.205650329589844, 50.52082824707031, 37.258052825927734, 44.305049896240234], "4": [42.90293502807617, 32.91714859008789, 48.87495422363281, 46.534427642822266, 42.3608512878418]}, "40": {"0.004": [29.417667388916016, 32.04604721069336, 34.20665740966797, 42.32126235961914, 41.37458038330078], "0.04": [31.975019454956055, 26.179901123046875, 39.71561813354492, 50.6871452331543, 44.22800827026367], "1": [9.93384075164795, 5.888617515563965, 27.52036476135254, 38.781761169433594, 41.06891632080078], "4": [41.30415344238281, 28.32713508605957, 47.8099250793457, 40.84219741821289, 40.374183654785156]}, "160": {"0.004": [6.883469581604004, 4.693777561187744, 7.019160747528076, 38.795166015625, 31.44698715209961], "0.04": [6.812636852264404, 4.6320624351501465, 7.1639018058776855, 7.274637699127197, 35.79601287841797], "1": [33.445011138916016, 4.421811580657959, 7.832462787628174, 7.024338722229004, 12.361532211303711], "4": [38.57918930053711, 4.651029586791992, 7.663407802581787, 7.7601823806762695, 29.64457130432129]}, "480": {"0.004": [5.985270023345947, 4.313511371612549, 6.766851425170898, 7.356951713562012, 10.899063110351562], "0.04": [5.9080986976623535, 4.331480026245117, 6.5689826011657715, 6.7246880531311035, 10.1326265335083], "1": [6.397580623626709, 4.331056594848633, 6.786215782165527, 7.196084976196289, 10.566330909729004], "4": [9.493841171264648, 4.299047946929932, 7.009997367858887, 7.172796726226807, 10.948993682861328]}}}, "75": {"16": {"10": {"0.004": [38.062923431396484, 38.32146072387695, 47.55268478393555, 42.65711212158203, 45.272098541259766], "0.04": [41.312007904052734, 38.091163635253906, 55.054603576660156, 44.05497360229492, 50.51792907714844], "1": [36.879600524902344, 44.73855209350586, 33.64874267578125, 28.428325653076172, 49.857383728027344], "4": [40.00303649902344, 42.699432373046875, 45.70182800292969, 43.84900665283203, 41.98855972290039]}, "40": {"0.004": [38.27953338623047, 39.72132873535156, 40.62446975708008, 39.817256927490234, 38.80314254760742], "0.04": [38.78036117553711, 20.107364654541016, 31.626949310302734, 33.14662170410156, 46.023529052734375], "1": [33.038719177246094, 37.49427795410156, 36.4710693359375, 36.06615447998047, 46.90885925292969], "4": [33.86518478393555, 46.30083084106445, 36.943363189697266, 36.55738830566406, 36.857051849365234]}, "160": {"0.004": [14.352968215942383, 11.147812843322754, 36.284488677978516, 40.567604064941406, 16.063501358032227], "0.04": [14.400447845458984, 12.631121635437012, 37.61536407470703, 41.95740509033203, 36.03530502319336], "1": [13.930727005004883, 11.502687454223633, 11.174372673034668, 13.323171615600586, 41.04241943359375], "4": [17.58609390258789, 35.10682678222656, 26.675172805786133, 44.936832427978516, 28.40401840209961]}, "480": {"0.004": [12.923205375671387, 11.20763111114502, 10.780919075012207, 12.159589767456055, 14.350868225097656], "0.04": [13.025689125061035, 10.441839218139648, 10.577902793884277, 11.97550106048584, 14.10250473022461], "1": [13.026041030883789, 10.743282318115234, 10.328957557678223, 12.070740699768066, 14.727734565734863], "4": [17.233272552490234, 10.651224136352539, 10.539855003356934, 12.347402572631836, 14.101812362670898]}}}, "100": {"16": {"10": {"0.004": [44.31749725341797, 43.78740692138672, 48.141258239746094, 51.206329345703125, 49.85786437988281], "0.04": [45.166168212890625, 40.31904220581055, 34.37171936035156, 47.64271926879883, 45.10776901245117], "1": [43.61238098144531, 41.64225769042969, 42.064308166503906, 35.03574752807617, 47.095619201660156], "4": [46.68905258178711, 39.84900665283203, 44.855003356933594, 39.60617446899414, 39.98181915283203]}, "40": {"0.004": [13.56234359741211, 48.97764205932617, 44.054588317871094, 34.689109802246094, 42.3708381652832], "0.04": [13.527419090270996, 31.51371192932129, 28.571332931518555, 42.991058349609375, 43.44215774536133], "1": [41.92477798461914, 36.06475830078125, 28.69023895263672, 45.198970794677734, 37.722023010253906], "4": [40.77277755737305, 16.590015411376953, 38.396732330322266, 44.45250701904297, 48.93498992919922]}, "160": {"0.004": [5.984936714172363, 3.9222042560577393, 5.462491035461426, 6.178906440734863, 6.084909915924072], "0.04": [30.675142288208008, 40.133235931396484, 34.7413330078125, 6.235234260559082, 6.5150065422058105], "1": [7.183564186096191, 4.006519794464111, 32.59873962402344, 6.087091445922852, 6.618677139282227], "4": [7.311622142791748, 3.7725024223327637, 5.780360221862793, 6.2704973220825195, 5.282207012176514]}, "480": {"0.004": [5.466423034667969, 3.503100633621216, 5.211625576019287, 5.8366804122924805, 4.976012706756592], "0.04": [5.479302406311035, 3.3936374187469482, 5.1263108253479, 5.814554214477539, 5.2739434242248535], "1": [4.941236972808838, 3.4158403873443604, 4.882162094116211, 5.8119025230407715, 5.64796257019043], "4": [5.973086833953857, 3.7050435543060303, 5.142281532287598, 6.404994010925293, 5.273550033569336]}}}, "150": {"16": {"10": {"0.004": [30.041536331176758, 25.310895919799805, 44.871150970458984, 47.73014831542969, 44.835166931152344], "0.04": [34.17967987060547, 45.35910415649414, 49.01382827758789, 48.14544677734375, 38.68965148925781], "1": [36.732295989990234, 39.08769989013672, 48.537174224853516, 31.44196319580078, 47.16447067260742], "4": [38.99576187133789, 37.93241500854492, 44.41062545776367, 35.3557243347168, 47.136314392089844]}, "40": {"0.004": [13.400521278381348, 7.093094348907471, 19.98638343811035, 46.951656341552734, 45.1646842956543], "0.04": [39.24119186401367, 21.122089385986328, 36.77112579345703, 34.106014251708984, 43.60749816894531], "1": [13.599822998046875, 5.309701919555664, 40.45402526855469, 49.333106994628906, 48.90040969848633], "4": [34.25117492675781, 26.349624633789062, 34.99374771118164, 46.0698356628418, 49.21305465698242]}, "160": {"0.004": [3.5778660774230957, 4.145861625671387, 8.596693992614746, 41.715423583984375, 41.80078887939453],