{"150": {"15": {"10": {"0": [35.25991439819336, 31.267993927001953, 43.42626190185547, 52.317806243896484, 49.299495697021484, 45.10908508300781, 48.05878448486328, 32.46114730834961, 44.355430603027344, 38.3242073059082, 41.302635192871094, 37.323307037353516, 46.444427490234375, 31.554763793945312, 36.693485260009766], "0.0004": [43.55988693237305, 46.74122619628906, 44.59988784790039, 40.64719772338867, 38.276390075683594, 45.65665817260742, 41.188961029052734, 35.623138427734375, 15.260071754455566, 38.195640563964844, 37.80897521972656, 41.74700164794922, 39.097679138183594, 39.4123420715332, 41.68767547607422], "0.004": [45.14763259887695, 39.75725555419922, 28.96270179748535, 49.5364990234375, 47.31224822998047, 43.02549743652344, 45.706539154052734, 42.76885223388672, 41.341617584228516, 40.65739059448242, 40.836669921875, 39.480499267578125, 46.92522048950195, 48.027732849121094, 42.37926483154297], "0.04": [38.80650329589844, 40.73586654663086, 45.77813720703125, 43.117671966552734, 51.2215461730957, 46.590049743652344, 40.12733459472656, 46.40517807006836, 45.550437927246094, 36.30609130859375, 33.72515869140625, 41.18190383911133, 48.07035446166992, 38.52092742919922, 33.144065856933594], "1": [37.654296875, 47.05305480957031, 50.951904296875, 49.429325103759766, 38.44023513793945, 41.52851486206055, 35.34507369995117, 25.288484573364258, 28.869232177734375, 40.759403228759766, 30.450029373168945, 43.250953674316406, 47.816131591796875, 33.22896957397461, 40.43968963623047], "4": [37.805667877197266, 42.35242462158203, 43.31095504760742, 39.92362976074219, 33.271705627441406, 42.932125091552734, 27.648103713989258, 45.048118591308594, 41.16645050048828, 40.062320709228516, 36.31669235229492, 42.755409240722656, 41.91305160522461, 42.689666748046875, 37.904563903808594]}, "40": {"0": [44.13064956665039, 37.595882415771484, 38.01543045043945, 38.21442413330078, 40.45166778564453, 36.34636306762695, 39.99695587158203, 18.665678024291992, 39.479007720947266, 16.325849533081055, 36.55965042114258, 22.970142364501953, 40.9131965637207, 39.37813949584961, 43.31267547607422], "0.0004": [40.9050407409668, 45.45724105834961, 33.94683837890625, 46.4744987487793, 47.70100021362305, 48.35737609863281, 38.3264045715332, 38.47589111328125, 22.297849655151367, 44.964290618896484, 43.727760314941406, 30.397380828857422, 37.04513931274414, 41.24782943725586, 38.790863037109375], "0.004": [36.85987091064453, 33.83219528198242, 29.984373092651367, 45.14754867553711, 42.14997100830078, 44.260826110839844, 39.4768180847168, 38.24925994873047, 13.635333061218262, 22.225074768066406, 31.796276092529297, 37.11532974243164, 42.9617919921875, 42.61542892456055, 22.54401969909668], "0.04": [31.84500503540039, 43.683921813964844, 42.25234603881836, 46.681644439697266, 46.9124755859375, 36.98483657836914, 36.4437141418457, 40.89101791381836, 45.30831527709961, 22.719478607177734, 41.257511138916016, 38.69190216064453, 41.538822174072266, 45.0921745300293, 35.78279113769531], "1": [40.799400329589844, 37.72748947143555, 37.828067779541016, 43.19724655151367, 45.533164978027344, 47.688560485839844, 42.18136978149414, 30.410783767700195, 6.705849647521973, 32.558074951171875, 24.256145477294922, 38.021690368652344, 40.28300857543945, 30.421489715576172, 36.64002990722656], "4": [45.675498962402344, 45.44367599487305, 20.717912673950195, 32.00214385986328, 44.46274948120117, 41.01679229736328, 34.88968276977539, 33.165592193603516, 18.648792266845703, 21.935562133789062, 27.448755264282227, 39.84111022949219, 41.95905303955078, 44.16508483886719, 19.45854377746582]}, "160": {"0": [31.183313369750977, 6.217351913452148, 7.604771137237549, 9.131026268005371, 6.665228366851807, 5.175202369689941, 38.035865783691406, 3.6815037727355957, 4.738955020904541, 5.590703964233398, 22.4854793548584, 3.7738120555877686, 7.284692764282227, 7.893801212310791, 7.168245315551758], "0.0004": [14.543356895446777, 8.30986499786377, 6.64799690246582, 7.697574138641357, 7.213658332824707, 28.357627868652344, 14.119667053222656, 4.063733100891113, 42.90836715698242, 6.50872278213501, 4.258753299713135, 3.6839399337768555, 33.20510482788086, 8.813125610351562, 7.523247718811035], "0.004": [19.398042678833008, 8.260327339172363, 6.718943119049072, 29.265796661376953, 32.134212493896484, 5.116899490356445, 35.05225372314453, 4.235879898071289, 4.799721717834473, 5.891872406005859, 4.243110656738281, 21.588834762573242, 8.282855033874512, 26.743059158325195, 34.84660720825195], "0.04": [20.68707275390625, 6.690364360809326, 5.9301042556762695, 8.764301300048828, 6.822437763214111, 5.372617721557617, 14.54990291595459, 4.238276958465576, 4.797540187835693, 7.124541759490967, 4.064047813415527, 3.7076287269592285, 7.3824334144592285, 10.993071556091309, 7.4826178550720215], "1": [11.9534330368042, 6.730273246765137, 7.03799295425415, 8.502640724182129, 18.746788024902344, 4.966212749481201, 13.082162857055664, 3.8110239505767822, 4.586539268493652, 6.570948600769043, 3.888252019882202, 3.9551427364349365, 7.779364585876465, 9.575165748596191, 7.395157814025879], "4": [32.351837158203125, 8.300305366516113, 7.109649181365967, 35.19572067260742, 8.511346817016602, 5.1387481689453125, 36.39323043823242, 4.435581684112549, 4.677056312561035, 6.895970821380615, 4.845065116882324, 26.38974380493164, 27.425750732421875, 23.236337661743164, 44.61574172973633]}, "480": {"0": [8.782149314880371, 6.147930145263672, 5.273452281951904, 7.6350812911987305, 6.724430084228516, 4.845287322998047, 9.17577838897705, 3.4439733028411865, 4.297060489654541, 5.304765701293945, 3.4552717208862305, 3.1816513538360596, 6.679982662200928, 6.2776875495910645, 6.102090835571289], "0.0004": [9.414680480957031, 5.7071757316589355, 5.573328971862793, 7.62664794921875, 6.163107872009277, 4.544697284698486, 8.57044506072998, 3.429835319519043, 4.229926586151123, 5.087474346160889, 3.1812198162078857, 3.385355234146118, 6.799027442932129, 26.086029052734375, 6.047647476196289], "0.004": [9.635910987854004, 5.782831192016602, 5.7292375564575195, 7.651457786560059, 6.163023471832275, 4.631481647491455, 8.446074485778809, 3.4633450508117676, 4.299537181854248, 5.436451435089111, 3.577223539352417, 3.5347824096679688, 6.935916423797607, 6.937927722930908, 6.315662384033203], "0.04": [9.35779094696045, 5.707907199859619, 6.007991313934326, 7.8270158767700195, 6.10488748550415, 4.526545524597168, 8.827387809753418, 3.358058214187622, 4.366918087005615, 5.355956077575684, 3.2972137928009033, 3.6174895763397217, 6.741487503051758, 7.267094612121582, 6.195716857910156], "1": [9.425890922546387, 5.775370121002197, 5.5238261222839355, 7.3746337890625, 6.56941556930542, 4.7815680503845215, 10.110907554626465, 3.5861623287200928, 4.272982597351074, 5.575823783874512, 3.485177993774414, 3.8589000701904297, 6.938591003417969, 7.104769706726074, 6.5414323806762695], "4": [10.08822250366211, 6.043578624725342, 6.106592178344727, 7.61047887802124, 6.605297088623047, 4.703839302062988, 9.997562408447266, 3.534057140350342, 4.3831329345703125, 5.4921064376831055, 3.564678192138672, 4.095870018005371, 7.262536525726318, 8.245806694030762, 6.712352275848389]}}}}