{"10": {"15": {"10": {"0": [38.40255355834961, 34.40947341918945, 33.748966217041016, 46.391841888427734, 42.39680862426758], "0.0004": [39.6215934753418, 39.02771759033203, 40.48558044433594, 27.969951629638672, 34.48387908935547], "0.004": [32.12244415283203, 31.885961532592773, 39.95835876464844, 31.134206771850586, 29.478702545166016], "0.04": [25.585994720458984, 39.18303298950195, 37.050662994384766, 43.845489501953125, 41.071067810058594], "1": [31.458280563354492, 25.49846839904785, 36.043357849121094, 37.23986053466797, 35.18344497680664], "4": [42.915809631347656, 31.416423797607422, 36.639892578125, 36.424556732177734, 36.39433670043945]}, "40": {"0": [37.73119354248047, 34.47108459472656, 35.84891891479492, 39.87550354003906, 36.96521759033203], "0.0004": [33.95344924926758, 31.347875595092773, 33.60982894897461, 33.6743049621582, 31.927202224731445], "0.004": [32.150856018066406, 26.271923065185547, 36.14402770996094, 25.366493225097656, 15.024781227111816], "0.04": [36.89033889770508, 29.91230010986328, 35.09645080566406, 30.975889205932617, 32.53457260131836], "1": [34.240238189697266, 23.27619171142578, 40.17265319824219, 37.5985107421875, 38.79714584350586], "4": [34.79548645019531, 26.612659454345703, 35.837223052978516, 22.58258628845215, 14.825206756591797]}, "160": {"0": [24.837587356567383, 29.719106674194336, 31.545209884643555, 21.642431259155273, 35.121585845947266], "0.0004": [38.75761795043945, 22.43505096435547, 30.951627731323242, 20.586793899536133, 12.010644912719727], "0.004": [25.26224708557129, 20.50065040588379, 33.919525146484375, 25.306652069091797, 11.972282409667969], "0.04": [20.962757110595703, 27.42909049987793, 32.031646728515625, 20.671512603759766, 11.81484317779541], "1": [24.286088943481445, 20.278127670288086, 34.030277252197266, 33.5529899597168, 12.66954517364502], "4": [24.221458435058594, 25.870773315429688, 36.08921813964844, 28.992565155029297, 14.848628044128418]}, "480": {"0": [23.322282791137695, 22.59376335144043, 28.687435150146484, 20.163169860839844, 12.511895179748535], "0.0004": [23.456928253173828, 25.807140350341797, 33.07139205932617, 41.070518493652344, 11.793991088867188], "0.004": [27.38640785217285, 23.727388381958008, 30.510812759399414, 20.346277236938477, 14.133681297302246], "0.04": [23.474727630615234, 22.003223419189453, 30.83625602722168, 20.472366333007812, 11.881485939025879], "1": [23.24323081970215, 20.526037216186523, 29.95411491394043, 19.99542999267578, 11.983075141906738], "4": [25.32726287841797, 23.634672164916992, 28.96067237854004, 27.573471069335938, 14.172675132751465]}}}, "50": {"15": {"10": {"0": [34.092777252197266, 40.95447540283203, 41.969024658203125, 34.4300422668457, 39.796321868896484], "0.0004": [39.2301139831543, 28.26299285888672, 36.06940841674805, 34.424678802490234, 41.71293640136719], "0.004": [32.032318115234375, 37.33892822265625, 38.923675537109375, 35.62067794799805, 38.52543640136719], "0.04": [41.065738677978516, 34.457244873046875, 39.02565002441406, 47.64667510986328, 38.62583541870117], "1": [39.99003982543945, 44.341922760009766, 39.04227828979492, 42.41061019897461, 40.428367614746094], "4": [39.9029541015625, 40.922218322753906, 36.78623580932617, 44.252166748046875, 21.918352127075195]}, "40": {"0": [29.141494750976562, 35.940711975097656, 36.569557189941406, 34.27851486206055, 35.93646240234375], "0.0004": [32.41755294799805, 21.897642135620117, 34.39197540283203, 36.35106658935547, 12.261395454406738], "0.004": [32.149131774902344, 17.741201400756836, 21.171710968017578, 32.11626434326172, 13.556108474731445], "0.04": [29.685762405395508, 32.42885208129883, 28.05556297302246, 36.76729965209961, 12.083024978637695], "1": [25.896085739135742, 36.47613525390625, 32.460723876953125, 23.396299362182617, 13.217072486877441], "4": [34.98873519897461, 34.42213439941406, 34.66171646118164, 35.12968444824219, 30.995777130126953]}, "160": {"0": [19.728107452392578, 10.597748756408691, 15.098835945129395, 18.779003143310547, 7.744888782501221], "0.0004": [17.396541595458984, 10.550467491149902, 14.733981132507324, 14.714533805847168, 7.792671203613281], "0.004": [16.14698028564453, 20.653398513793945, 15.432509422302246, 19.929372787475586, 7.788541316986084], "0.04": [26.5623779296875, 10.717520713806152, 25.385244369506836, 14.449678421020508, 7.727669715881348], "1": [16.262775421142578, 10.45157241821289, 28.781482696533203, 17.333301544189453, 7.929893493652344], "4": [20.247116088867188, 10.41727352142334, 29.112154006958008, 17.32720947265625, 7.702421188354492]}, "480": {"0": [20.191028594970703, 10.089518547058105, 14.143331527709961, 14.24295425415039, 7.104809284210205], "0.0004": [14.393509864807129, 10.055119514465332, 14.032909393310547, 14.157918930053711, 7.1526408195495605], "0.004": [14.362133979797363, 10.166975975036621, 21.57684898376465, 14.073039054870605, 7.092522621154785], "0.04": [14.616771697998047, 10.110700607299805, 13.958930969238281, 17.01274299621582, 7.327673435211182], "1": [14.651386260986328, 10.114294052124023, 18.40948486328125, 14.090653419494629, 7.178303241729736], "4": [14.772298812866211, 10.219263076782227, 14.192497253417969, 16.945205688476562, 7.36232852935791]}}}, "75": {"15": {"10": {"0": [37.605281829833984, 26.15594482421875, 39.0198860168457, 36.87968063354492, 39.48435974121094], "0.0004": [30.21151351928711, 38.00146484375, 37.84768295288086, 44.71525955200195, 34.0300178527832], "0.004": [41.39929962158203, 35.95753479003906, 45.44609451293945, 34.001075744628906, 29.589275360107422], "0.04": [38.493621826171875, 36.68730545043945, 41.272769927978516, 30.051605224609375, 24.261268615722656], "1": [39.50355529785156, 39.24802017211914, 36.18091583251953, 34.944419860839844, 40.47673797607422], "4": [35.5756721496582, 31.936975479125977, 35.03883743286133, 40.56779098510742, 44.99095916748047]}, "40": {"0": [18.96061134338379, 26.601125717163086, 28.5233211517334, 14.600613594055176, 7.404775619506836], "0.0004": [38.62071228027344, 17.274600982666016, 25.42681312561035, 24.365955352783203, 39.2881965637207], "0.004": [36.72000503540039, 33.40739822387695, 31.989294052124023, 33.84900665283203, 9.49826717376709], "0.04": [28.027023315429688, 34.59844207763672, 34.426719665527344, 27.574687957763672, 11.094027519226074], "1": [34.08137512207031, 31.226119995117188, 36.85942840576172, 33.84280014038086, 38.070899963378906], "4": [36.54893112182617, 34.69514846801758, 30.443992614746094, 29.373231887817383, 11.548144340515137]}, "160": {"0": [12.46563720703125, 10.005023002624512, 32.763423919677734, 6.964615821838379, 4.641043186187744], "0.0004": [14.01416301727295, 28.163894653320312, 25.21524429321289, 7.634279251098633, 4.372631549835205], "0.004": [13.161425590515137, 11.180007934570312, 27.444520950317383, 6.636191368103027, 4.367446422576904], "0.04": [12.055033683776855, 10.17944622039795, 24.23847770690918, 7.637721538543701, 4.4055304527282715], "1": [25.9398193359375, 10.784486770629883, 27.179718017578125, 12.513264656066895, 28.097003936767578], "4": [13.493056297302246, 13.726261138916016, 29.749967575073242, 13.211908340454102, 6.152342319488525]}, "480": {"0": [10.959807395935059, 8.99553108215332, 13.0646390914917, 6.254321098327637, 4.111274242401123], "0.0004": [11.528960227966309, 17.63726234436035, 13.84747314453125, 8.014183044433594, 4.229763031005859], "0.004": [17.702281951904297, 9.001326560974121, 26.239038467407227, 5.934544086456299, 4.23631477355957], "0.04": [22.394088745117188, 8.645132064819336, 26.744325637817383, 6.253828048706055, 4.225478172302246], "1": [18.487146377563477, 11.928016662597656, 13.859323501586914, 6.693385601043701, 16.949115753173828], "4": [19.635595321655273, 10.276375770568848, 25.507965087890625, 8.099472045898438, 4.360720634460449]}}}, "100": {"15": {"10": {"0": [38.214378356933594, 30.451251983642578, 40.77250671386719, 48.360164642333984, 32.528724670410156],