{"150": {"15": {"10": {"0": [39.349525451660156, 47.796871185302734, 48.11009979248047, 38.92561721801758, 48.44883728027344, 27.514711380004883, 35.81330490112305, 33.93787384033203, 42.49025344848633, 33.74447250366211, 45.68917465209961, 34.01644515991211, 40.82857894897461, 38.90182113647461, 42.167823791503906], "0.0004": [42.97258377075195, 32.478816986083984, 38.353763580322266, 52.31706619262695, 43.15978240966797, 43.902801513671875, 42.830322265625, 45.225467681884766, 34.96817398071289, 35.408260345458984, 40.434478759765625, 32.30406951904297, 35.38246536254883, 50.633323669433594, 38.5300407409668], "0.004": [41.25682830810547, 42.453365325927734, 30.93375015258789, 42.8254280090332, 38.25063705444336, 36.169151306152344, 41.39622497558594, 47.80701446533203, 40.59895706176758, 37.573219299316406, 43.39432907104492, 9.283275604248047, 33.38037109375, 45.640106201171875, 45.88642120361328], "0.04": [43.890419006347656, 47.5984992980957, 44.68367004394531, 46.86417007446289, 34.87381362915039, 43.64512252807617, 48.78465270996094, 42.3214111328125, 17.34406852722168, 33.81059265136719, 40.44819259643555, 29.180339813232422, 42.422813415527344, 38.56798553466797, 48.19072341918945], "1": [37.24091720581055, 36.48371505737305, 29.775264739990234, 45.88443374633789, 54.5776481628418, 37.92300796508789, 39.11061096191406, 33.190982818603516, 46.510189056396484, 18.6177978515625, 37.573238372802734, 35.487403869628906, 43.681373596191406, 39.7935791015625, 35.69779586791992], "4": [37.77631378173828, 41.47989273071289, 44.51535415649414, 42.12454605102539, 47.62406539916992, 34.72460174560547, 33.17344284057617, 33.55464553833008, 27.309865951538086, 37.95791244506836, 40.209381103515625, 21.835041046142578, 42.06649398803711, 45.54158020019531, 36.63553237915039]}, "40": {"0": [37.44068908691406, 20.84432029724121, 24.40653419494629, 33.37644958496094, 45.714115142822266, 35.610015869140625, 26.85161018371582, 29.036710739135742, 14.784218788146973, 10.421908378601074, 29.383657455444336, 29.74677085876465, 18.98424530029297, 21.03274154663086, 21.289243698120117], "0.0004": [37.412784576416016, 10.581984519958496, 16.749773025512695, 23.225553512573242, 25.385629653930664, 7.487315654754639, 31.729511260986328, 31.819679260253906, 6.988344669342041, 28.31204605102539, 34.55600357055664, 28.394973754882812, 28.394649505615234, 36.031578063964844, 31.13361930847168], "0.004": [29.02007293701172, 41.95581817626953, 14.42561149597168, 29.06686782836914, 12.304960250854492, 11.763638496398926, 30.04183578491211, 40.00732421875, 8.43879508972168, 44.72846603393555, 39.06488800048828, 33.522003173828125, 30.457313537597656, 22.822429656982422, 17.892166137695312], "0.04": [24.845239639282227, 40.131072998046875, 24.723360061645508, 43.22183609008789, 22.5313663482666, 36.86130142211914, 26.13870620727539, 23.771652221679688, 16.607845306396484, 11.143365859985352, 9.432560920715332, 29.687625885009766, 38.11262512207031, 24.069169998168945, 24.41036605834961], "1": [24.933504104614258, 11.901494026184082, 19.469486236572266, 30.938135147094727, 43.431522369384766, 34.70193099975586, 29.979732513427734, 11.983638763427734, 20.048860549926758, 31.322416305541992, 42.67728805541992, 32.129981994628906, 29.67918586730957, 25.81562614440918, 28.050762176513672], "4": [38.31391143798828, 34.23767852783203, 32.72178268432617, 41.34072494506836, 23.024738311767578, 39.8213005065918, 26.03959846496582, 6.52374792098999, 8.14628791809082, 14.305665016174316, 27.698932647705078, 34.38138961791992, 31.91013526916504, 23.303478240966797, 38.96132278442383]}, "160": {"0": [10.190141677856445, 7.129424095153809, 5.7536468505859375, 8.00344467163086, 7.278745174407959, 4.958233833312988, 15.073633193969727, 4.548290729522705, 4.489006042480469, 6.1179280281066895, 3.982020139694214, 3.6691601276397705, 7.613664627075195, 8.006034851074219, 7.368129730224609], "0.0004": [11.017090797424316, 7.325433254241943, 5.994668006896973, 8.863451957702637, 7.19210958480835, 5.008514881134033, 9.272791862487793, 3.8362174034118652, 4.657613754272461, 6.306039333343506, 3.7310714721679688, 4.002928256988525, 7.416555404663086, 8.288750648498535, 7.047313690185547], "0.004": [11.251118659973145, 6.936578273773193, 6.909681797027588, 7.873228549957275, 6.945948123931885, 4.766150951385498, 10.13369369506836, 4.196317195892334, 4.921618461608887, 5.50173807144165, 3.63635516166687, 3.774630546569824, 7.585541248321533, 8.486550331115723, 7.080493450164795], "0.04": [9.942696571350098, 6.4222517013549805, 5.476872444152832, 7.708939075469971, 7.100097179412842, 5.138813495635986, 13.270591735839844, 3.6703858375549316, 4.597495079040527, 5.9459228515625, 3.721907138824463, 3.7445662021636963, 7.914487361907959, 7.592108249664307, 7.410523891448975], "1": [10.478487014770508, 6.7365946769714355, 7.752853870391846, 8.101692199707031, 6.619289875030518, 5.167123317718506, 15.705698013305664, 4.571764945983887, 4.637416839599609, 25.23505401611328, 3.7408671379089355, 4.275884628295898, 7.509925365447998, 8.952917098999023, 7.355254650115967], "4": [11.025538444519043, 7.14361572265625, 7.101288795471191, 8.04410457611084, 6.3824543952941895, 5.307773113250732, 11.892488479614258, 4.060044765472412, 4.787473201751709, 6.1816864013671875, 4.117177963256836, 25.854515075683594, 8.23958683013916, 9.138002395629883, 7.2716875076293945]}, "480": {"0": [9.386567115783691, 5.946544170379639, 6.151270866394043, 7.049227237701416, 6.117183685302734, 4.913811683654785, 10.835726737976074, 3.4071550369262695, 4.393335342407227, 5.391757965087891, 3.3371551036834717, 3.573941469192505, 6.860082149505615, 6.736767292022705, 6.422367572784424], "0.0004": [8.712813377380371, 6.035007476806641, 5.846959590911865, 7.149453639984131, 5.938957214355469, 4.661118030548096, 8.683394432067871, 3.3406338691711426, 4.2383012771606445, 5.56622314453125, 3.2230560779571533, 3.542004108428955, 6.63872766494751, 6.8532209396362305, 6.619361400604248], "0.004": [9.466329574584961, 5.92345666885376, 5.819659233093262, 7.435368537902832, 5.9065470695495605, 4.616315841674805, 8.377609252929688, 3.31807279586792, 4.244929313659668, 5.155267238616943, 3.209787368774414, 3.752265691757202, 6.9781718254089355, 7.652247428894043, 6.350539207458496], "0.04": [9.541136741638184, 6.172888278961182, 6.772123336791992, 7.196924686431885, 5.965826988220215, 4.71717643737793, 7.7490339279174805, 3.568394660949707, 4.153173446655273, 5.3040876388549805, 3.2293167114257812, 3.1994059085845947, 6.942851543426514, 7.405594825744629, 6.208046913146973], "1": [9.14321517944336, 5.780116558074951, 5.598671913146973, 7.049262523651123, 6.4666948318481445, 4.849719524383545, 8.414437294006348, 3.521862030029297, 4.213633060455322, 5.413098335266113, 3.4806969165802, 3.446354389190674, 6.706785202026367, 7.2361159324646, 6.301427841186523], "4": [10.120404243469238, 5.943563461303711, 5.513474464416504, 7.883656024932861, 6.792320728302002, 4.8309478759765625, 12.17249584197998, 3.711944103240967, 4.53822660446167, 5.494745254516602, 3.7261996269226074, 3.8023977279663086, 7.002567291259766, 8.131852149963379, 6.6729817390441895]}}}}