{"100": {"15": {"160": {"0": [16.37006187438965, 5.496941089630127, 20.128721237182617, 36.51457595825195, 7.3582611083984375], "4e-05": [17.948049545288086, 5.251773357391357, 28.822471618652344, 15.413690567016602, 7.791172504425049], "0.004": [22.75165367126465, 5.013784885406494, 17.030256271362305, 13.854265213012695, 7.004924297332764], "1": [18.474794387817383, 5.636080265045166, 18.647911071777344, 13.574714660644531, 7.147461891174316]}}}}